id,name,store
LXXX1,Noida,"28.570485,77.324713"
LXXX2,Ghaziabad,"28.642211,77.373445"
LXXX3,East Delhi,"28.620588,77.311854"
LXXX4,Rohini,"28.721514,77.109313"
LXXX5,Gurgaon,"28.449696,77.044327"
LXXX6,Paschim vihar,"28.671499,77.097522"
LXXX7,Mumbai,"19.111632,72.865626"
LXXX8,Chennai,"13.085665,80.253500"
LXXX9,Hyderabad,"17.412902,78.429074"
LXXX10,Bangalore,"12.965059,77.598968"